titulo,url,preco_anuncio,local,data_anuncio,detalhes,imagem,referencia_preco_min,referencia_preco_p25,referencia_preco_mediana,referencia_preco_p75,referencia_preco_max,referencia_num_anuncios,preco_fipe
BYD King GL 1.5 16V Aut. (hibrido) 2026,https://mg.olx.com.br/regiao-de-montes-claros-e-diamantina/autos-e-pecas/carros-vans-e-utilitarios/byd-king-gl-1-5-16v-aut-hibrido-2026-1540804516,R$ 149.990,"Montes Claros, Ibituruna","Hoje, 10:21",10899 quilômetros rodados | Cor Branco | Motor 1.5 | Carro tipo Sedã,https://img.olx.com.br/thumbs700x500/64/644620690339389.webp,134900.0,147000.0,150000.0,157990.0,168990.0,13.0,
Nissan Kicks SV 1.6 16V Flexstar 5P Aut. 2019,https://mg.olx.com.br/regiao-de-uberlandia-e-uberaba/autos-e-pecas/carros-vans-e-utilitarios/nissan-kicks-sv-1-6-16v-flexstar-5p-aut-2019-1539035292,R$ 81.990,"Uberlândia, Patrimônio","Hoje, 10:21",86000 quilômetros rodados | Cor Cinza | Motor 1.6 | Carro tipo SUV,https://img.olx.com.br/thumbs700x500/64/643639205501819.webp,75900.0,80500.0,82990.0,83900.0,88900.0,23.0,
Ford Ecosport Freestyle 1.6 16V Flex 5P 2012,https://mg.olx.com.br/belo-horizonte-e-regiao/autos-e-pecas/carros-vans-e-utilitarios/ford-ecosport-freestyle-1-6-16v-flex-5p-2012-1536691309,R$ 43.900,"Belo Horizonte, Planalto","Hoje, 10:21",117100 quilômetros rodados | Cor Prata | Motor 1.6 | Carro tipo SUV,https://img.olx.com.br/thumbs700x500/58/583643680804094.webp,35900.0,40000.0,42900.0,45900.0,46990.0,27.0,
Toyota Corolla Cross XRE 2.0 16V Flex AUT 2023,https://mg.olx.com.br/regiao-de-governador-valadares-e-teofilo-otoni/autos-e-pecas/carros-vans-e-utilitarios/toyota-corolla-cross-xre-2-0-16v-flex-aut-2023-1540804533,R$ 133.500,"Teófilo Otoni, Bela Vista","Hoje, 10:21",41000 quilômetros rodados | Cor Branco | Motor 2.0 - 2.9 | Carro tipo SUV,https://img.olx.com.br/thumbs700x500/32/323682699637305.webp,118900.0,130990.0,134900.0,138900.0,150000.0,102.0,
Fiat Toro Endurance 1.3 T270 4X2 Flex AUT 2023,https://mg.olx.com.br/belo-horizonte-e-regiao/autos-e-pecas/carros-vans-e-utilitarios/fiat-toro-endurance-1-3-t270-4x2-flex-aut-2023-1539649297,R$ 98.800,"Belo Horizonte, Itapoã","Hoje, 10:21",107124 quilômetros rodados | Cor Branco | Motor 1.3 | Carro tipo Pick-up,https://img.olx.com.br/thumbs700x500/68/686608924163150.webp,102000.0,106000.0,108900.0,108990.0,109990.0,13.0,
Renault Kwid 1.0 Intense 2020,https://mg.olx.com.br/regiao-de-juiz-de-fora/autos-e-pecas/carros-vans-e-utilitarios/renault-kwid-1-0-intense-2020-1536942593,R$ 43.900,"Juiz de Fora, Salvaterra","Hoje, 10:21",44000 quilômetros rodados | Cor Branco | Motor 1.0 | Carro tipo Hatch,https://img.olx.com.br/thumbs700x500/72/722643449554744.webp,38999.0,39990.0,43900.0,45900.0,46990.0,11.0,
Volkswagen Spacefox 1.6/ 1.6 Trend Total Flex 8V 5P 2010,https://mg.olx.com.br/belo-horizonte-e-regiao/autos-e-pecas/carros-vans-e-utilitarios/volkswagen-spacefox-1-6-1-6-trend-total-flex-8v-5p-2010-1540804403,R$ 30.990,"Belo Horizonte, Dom Cabral","Hoje, 10:21",197235 quilômetros rodados | Cor Prata | Motor 1.6 | Carro tipo Perua,https://img.olx.com.br/thumbs700x500/19/197631819185446.webp,23500.0,28900.0,30990.0,32900.0,34700.0,20.0,
Chevrolet Agile LTZ 1.4 MPFI 8V Flexpower 5P 2011,https://mg.olx.com.br/belo-horizonte-e-regiao/autos-e-pecas/carros-vans-e-utilitarios/chevrolet-agile-ltz-1-4-mpfi-8v-flexpower-5p-2011-1540804346,R$ 35.900,"Betim, Santa Cruz","Hoje, 10:20",91000 quilômetros rodados | Cor Prata | Motor 1.4 | Carro tipo Hatch,https://img.olx.com.br/thumbs700x500/68/684696338307879.webp,24600.0,31000.0,33500.0,35900.0,42900.0,92.0,
Honda Civic Sedan EX 2.0 Flex 16V Aut.4p 2021,https://mg.olx.com.br/regiao-de-juiz-de-fora/autos-e-pecas/carros-vans-e-utilitarios/honda-civic-sedan-ex-2-0-flex-16v-aut-4p-2021-1540804292,R$ 124.899,"Juiz de Fora, Teixeiras","Hoje, 10:20",54222 quilômetros rodados | Cor Azul | Motor 2.0 - 2.9 | Carro tipo Sedã,https://img.olx.com.br/thumbs700x500/93/938681573216711.webp,114000.0,118800.0,123500.0,124900.0,134000.0,20.0,
Hyundai HB20 Comf./c.plus/c.style 1.0 Flex 12V 2019,https://mg.olx.com.br/belo-horizonte-e-regiao/autos-e-pecas/carros-vans-e-utilitarios/hyundai-hb20-comf-c-plus-c-style-1-0-flex-12v-2019-1536690362,R$ 56.900,"Belo Horizonte, Planalto","Hoje, 10:20",79800 quilômetros rodados | Cor Prata | Motor 1.0 | Carro tipo Hatch,https://img.olx.com.br/thumbs700x500/71/716671207535440.webp,50000.0,55000.0,55700.0,56990.0,59900.0,36.0,
Fiat 500 Cult 1.4 Flex 8V EVO Dualogic 2012,https://mg.olx.com.br/regiao-de-pocos-de-caldas-e-varginha/autos-e-pecas/carros-vans-e-utilitarios/fiat-500-cult-1-4-flex-8v-evo-dualogic-2012-1540804186,R$ 44.000,Caxambu,"Hoje, 10:20",75000 quilômetros rodados | Cor Cinza | Motor 1.4 | Carro tipo Hatch,https://img.olx.com.br/thumbs700x500/54/541636935123199.webp,36900.0,39900.0,42500.0,43900.0,49900.0,19.0,
Volkswagen Taos Highline 1.4 250 TSI Flex AUT 2022,https://mg.olx.com.br/regiao-de-juiz-de-fora/autos-e-pecas/carros-vans-e-utilitarios/volkswagen-taos-highline-1-4-250-tsi-flex-aut-2022-1540804226,R$ 115.990,"Juiz de Fora, Santa Terezinha","Hoje, 10:20",30357 quilômetros rodados | Motor 1.4 | Carro tipo SUV,https://img.olx.com.br/thumbs700x500/68/680675213248127.webp,115900.0,123490.0,129900.0,129990.0,137900.0,44.0,
Ford Ecosport Titanium 2.0 16V Flex 5P Aut. 2015,https://mg.olx.com.br/regiao-de-uberlandia-e-uberaba/autos-e-pecas/carros-vans-e-utilitarios/ford-ecosport-titanium-2-0-16v-flex-5p-aut-2015-1540804192,R$ 53.900,"Patos de Minas, Centro","Hoje, 10:20",64600 quilômetros rodados | Cor Prata | Motor 2.0 - 2.9 | Carro tipo SUV,https://img.olx.com.br/thumbs700x500/41/412687812009187.webp,42500.0,49300.0,51000.0,53000.0,58900.0,37.0,
Chevrolet Sonic Sed. LTZ 1.6 16V Flexpower 4P Aut. 2012,https://mg.olx.com.br/belo-horizonte-e-regiao/autos-e-pecas/carros-vans-e-utilitarios/chevrolet-sonic-sed-ltz-1-6-16v-flexpower-4p-aut-2012-1486838543,R$ 29.900,"Sabará, Água Férrea","Hoje, 10:19",152000 quilômetros rodados | Cor Branco | Motor 1.6 | Carro tipo Sedã,https://img.olx.com.br/thumbs700x500/26/261628147735983.webp,28000.0,31000.0,32000.0,35000.0,38990.0,10.0,
Fiat Argo 1.0 6V Flex. 2024,https://mg.olx.com.br/belo-horizonte-e-regiao/autos-e-pecas/carros-vans-e-utilitarios/fiat-argo-1-0-6v-flex-2024-1535517295,R$ 63.900,"Belo Horizonte, Heliópolis","Hoje, 10:18",49000 quilômetros rodados | Cor Cinza | Motor 1.0 | Carro tipo Hatch,https://img.olx.com.br/thumbs700x500/13/137687322704441.webp,54200.0,61990.0,63990.0,66000.0,70990.0,45.0,
Fiat Strada Endurance 1.4 Flex 8V CS Plus 2022,https://mg.olx.com.br/belo-horizonte-e-regiao/autos-e-pecas/carros-vans-e-utilitarios/fiat-strada-endurance-1-4-flex-8v-cs-plus-2022-1460793190,R$ 63.900,"Belo Horizonte, Heliópolis","Hoje, 10:18",62000 quilômetros rodados | Cor Branco | Motor 1.4 | Carro tipo Pick-up,https://img.olx.com.br/thumbs700x500/50/504502596601742.webp,60300.0,66580.0,68900.0,69990.0,75500.0,82.0,
Ford KA 1.0 Se/se Plus Tivct Flex 5P 2020,https://mg.olx.com.br/regiao-de-juiz-de-fora/autos-e-pecas/carros-vans-e-utilitarios/ford-ka-1-0-se-se-plus-tivct-flex-5p-2020-1540803778,R$ 52.899,"Juiz de Fora, Teixeiras","Hoje, 10:18",85448 quilômetros rodados | Cor Cinza | Motor 1.0 | Carro tipo Hatch,https://img.olx.com.br/thumbs700x500/47/479612697090106.webp,35000.0,43000.0,46500.0,48900.0,53900.0,150.0,
Volkswagen Polo Track 1.0 Flex 12V 5P 2023,https://mg.olx.com.br/belo-horizonte-e-regiao/autos-e-pecas/carros-vans-e-utilitarios/volkswagen-polo-track-1-0-flex-12v-5p-2023-1468027694,R$ 63.900,"Belo Horizonte, Heliópolis","Hoje, 10:17",85000 quilômetros rodados | Cor Branco | Motor 1.0 | Carro tipo Hatch,https://img.olx.com.br/thumbs700x500/99/996678246530506.webp,60500.0,64900.0,65800.0,66900.0,67900.0,31.0,
Jeep Renegade Sport 1.8 4X2 Flex 16V Mec. 2016,https://mg.olx.com.br/belo-horizonte-e-regiao/autos-e-pecas/carros-vans-e-utilitarios/jeep-renegade-sport-1-8-4x2-flex-16v-mec-2016-1508696857,R$ 62.900,"Contagem, Jardim Industrial","Hoje, 10:17",112842 quilômetros rodados | Cor Branco | Motor 1.8 | Carro tipo SUV,https://img.olx.com.br/thumbs700x500/21/213637656572708.webp,49000.0,57000.0,61000.0,63900.0,66900.0,32.0,
Hyundai Creta Limited 1.0 TB 12V Flex AUT 2025,https://mg.olx.com.br/regiao-de-montes-claros-e-diamantina/autos-e-pecas/carros-vans-e-utilitarios/hyundai-creta-limited-1-0-tb-12v-flex-aut-2025-1514160433,R$ 118.000,"Montes Claros, Todos os Santos","Hoje, 10:17",29200 quilômetros rodados | Cor Azul | Motor 1.0 | Carro tipo SUV,https://img.olx.com.br/thumbs700x500/93/931633808902705.webp,121900.0,127190.0,128700.0,129690.0,133990.0,150.0,
Peugeot 208 GT 1.0 Turbo Flex 5P Aut. 2025,https://mg.olx.com.br/belo-horizonte-e-regiao/autos-e-pecas/carros-vans-e-utilitarios/peugeot-208-gt-1-0-turbo-flex-5p-aut-2025-1532086982,R$ 106.900,"Belo Horizonte, Lourdes","Hoje, 10:17",16337 quilômetros rodados | Cor Preto | Motor 1.0 | Carro tipo Hatch,https://img.olx.com.br/thumbs700x500/36/369687808604048.webp,95000.0,104900.0,108000.0,109990.0,111900.0,14.0,
Nissan Sentra Advance 2.0 16V Aut. 2023,https://mg.olx.com.br/belo-horizonte-e-regiao/autos-e-pecas/carros-vans-e-utilitarios/nissan-sentra-advance-2-0-16v-aut-2023-1540803746,R$ 112.900,"Belo Horizonte, Glória","Hoje, 10:17",31000 quilômetros rodados | Cor Cinza | Motor 2.0 - 2.9 | Carro tipo Sedã,https://img.olx.com.br/thumbs700x500/46/466624338227173.webp,110000.0,111900.0,114990.0,118000.0,120000.0,11.0,
Chevrolet Cobalt LTZ 1.8 8V Econo.flex 4P Aut. 2014,https://mg.olx.com.br/regiao-de-divinopolis/autos-e-pecas/carros-vans-e-utilitarios/chevrolet-cobalt-ltz-1-8-8v-econo-flex-4p-aut-2014-1540803726,R$ 48.900,"Divinópolis, Bom Pastor","Hoje, 10:17",1000 quilômetros rodados | Cor Prata | Motor 1.8 | Carro tipo Sedã,https://img.olx.com.br/thumbs700x500/41/412616812565564.webp,25000.0,32900.0,41900.0,47900.0,51900.0,14.0,
Chevrolet Onix JOY Hatch 1.0 8V Flex Mec. 4P 2018,https://mg.olx.com.br/belo-horizonte-e-regiao/autos-e-pecas/carros-vans-e-utilitarios/chevrolet-onix-joy-hatch-1-0-8v-flex-mec-4p-2018-1540803710,R$ 41.900,"Belo Horizonte, Venda Nova","Hoje, 10:17",147000 quilômetros rodados | Cor Branco | Motor 1.0 | Carro tipo Hatch,https://img.olx.com.br/thumbs700x500/26/267652217172217.webp,35900.0,41800.0,45000.0,47900.0,56500.0,124.0,
Volkswagen Gol Geração III Power 1.0 MI 16V Gasolina Mec. 4P 2002,https://mg.olx.com.br/belo-horizonte-e-regiao/autos-e-pecas/carros-vans-e-utilitarios/volkswagen-gol-geracao-iii-power-1-0-mi-16v-gasolina-mec-4p-2002-1540802914,R$ 13.900,"Belo Horizonte, Pongelupe (Barreiro)","Hoje, 10:17",198000 quilômetros rodados | Cor Verde | Motor 1.0 | Carro tipo Hatch,https://img.olx.com.br/thumbs700x500/25/251697330248097.webp,5000.0,10000.0,12500.0,13500.0,18500.0,15.0,
Mercedes-Benz GLA 200 Adv. 1.6/1.6 TB 16V Flex Aut. 2019,https://mg.olx.com.br/belo-horizonte-e-regiao/autos-e-pecas/carros-vans-e-utilitarios/mercedes-benz-gla-200-adv-1-6-1-6-tb-16v-flex-aut-2019-1534499791,R$ 99.990,"Belo Horizonte, Sion","Hoje, 10:17",69000 quilômetros rodados | Cor Preto | Motor 1.6 | Carro tipo SUV,https://img.olx.com.br/thumbs700x500/61/614615564911624.webp,109000.0,113900.0,116000.0,120000.0,125900.0,10.0,
Toyota Corolla Altis Prem. Hybrid 1.8 Flex AUT 2024,https://mg.olx.com.br/belo-horizonte-e-regiao/autos-e-pecas/carros-vans-e-utilitarios/toyota-corolla-altis-prem-hybrid-1-8-flex-aut-2024-1518919133,R$ 159.900,"Belo Horizonte, Lourdes","Hoje, 10:17",30881 quilômetros rodados | Cor Prata | Motor 1.8 | Carro tipo Sedã,https://img.olx.com.br/thumbs700x500/85/852670784343126.webp,149000.0,160000.0,164990.0,173090.0,173090.0,17.0,
Renault Sandero Expression Hi-flex 1.6 8V 5P 2010,https://mg.olx.com.br/belo-horizonte-e-regiao/autos-e-pecas/carros-vans-e-utilitarios/renault-sandero-expression-hi-flex-1-6-8v-5p-2010-1539034236,R$ 29.500,"Belo Horizonte, Planalto","Hoje, 10:16",92000 quilômetros rodados | Cor Prata | Motor 1.6 | Carro tipo Hatch,https://img.olx.com.br/thumbs700x500/39/393613561315617.webp,13900.0,21000.0,24500.0,25900.0,27900.0,16.0,
Chevrolet Onix Hatch Premier 1.0 12V TB Flex Aut. 4P 2021,https://mg.olx.com.br/belo-horizonte-e-regiao/autos-e-pecas/carros-vans-e-utilitarios/chevrolet-onix-hatch-premier-1-0-12v-tb-flex-aut-4p-2021-1539854562,R$ 73.900,"Belo Horizonte, Buritis","Hoje, 10:16",28433 quilômetros rodados | Cor Preto | Motor 1.0 | Carro tipo Hatch,https://img.olx.com.br/thumbs700x500/33/338674569142444.webp,64900.0,67930.0,68900.0,70000.0,72900.0,17.0,
Honda HR-V Touring 1.5 TB 16V 5P Aut. 2020,https://mg.olx.com.br/belo-horizonte-e-regiao/autos-e-pecas/carros-vans-e-utilitarios/honda-hr-v-touring-1-5-tb-16v-5p-aut-2020-1526294754,R$ 116.000,"Belo Horizonte, Estoril","Hoje, 10:16",132000 quilômetros rodados | Cor Cinza | Motor 1.5 | Carro tipo SUV,https://img.olx.com.br/thumbs700x500/98/989690089240496.webp,,,,,,,
Chevrolet S10 Pick-up LT 2.8 TDI 4X4 CD Diesel AUT 2022,https://mg.olx.com.br/belo-horizonte-e-regiao/autos-e-pecas/carros-vans-e-utilitarios/chevrolet-s10-pick-up-lt-2-8-tdi-4x4-cd-diesel-aut-2022-1520979626,R$ 152.900,"Contagem, Jardim Industrial","Hoje, 10:16",53428 quilômetros rodados | Cor Branco | Motor 2.0 - 2.9 | Carro tipo Pick-up,https://img.olx.com.br/thumbs700x500/23/239600066785593.webp,,,,,,,
Ssangyong Actyon Sports 2.0 16V 141cv Diesel 2011,https://mg.olx.com.br/belo-horizonte-e-regiao/autos-e-pecas/carros-vans-e-utilitarios/ssangyong-actyon-sports-2-0-16v-141cv-diesel-2011-1497311206,R$ 27.900,"Belo Horizonte, Santa Efigênia","Hoje, 10:16",120 quilômetros rodados | Cor Prata | Motor 2.0 - 2.9 | Carro tipo SUV,https://img.olx.com.br/thumbs700x500/73/737651152796066.webp,36000.0,37900.0,39900.0,42000.0,49900.0,10.0,
Fiat Toro Volcano 1.3 T270 4x2 Aut. 2027,https://mg.olx.com.br/regiao-de-montes-claros-e-diamantina/autos-e-pecas/carros-vans-e-utilitarios/fiat-toro-volcano-1-3-t270-4x2-aut-2027-1539857600,R$ 177.900,"Curvelo, Santa Filomena","Hoje, 10:16",0 quilômetro rodado | Cor Prata | Motor 1.3 | Carro tipo Pick-up,https://img.olx.com.br/thumbs700x500/82/825613323137892.webp,153980.0,154990.0,156990.0,169990.0,185000.0,46.0,
Citroen C3 100 Anos 1.6 16V Flex Aut. 2011,https://mg.olx.com.br/belo-horizonte-e-regiao/autos-e-pecas/carros-vans-e-utilitarios/citroen-c3-100-anos-1-6-16v-flex-aut-2011-1529735115,R$ 25.900,"Belo Horizonte, Padre Eustáquio","Hoje, 10:16",170000 quilômetros rodados | Cor Prata | Motor 1.4,https://img.olx.com.br/thumbs700x500/77/779625689670396.webp,,,,,,,
Fiat Uno Sport.interlagos 1.4 EVO F.flex 8V 2013,https://mg.olx.com.br/belo-horizonte-e-regiao/autos-e-pecas/carros-vans-e-utilitarios/fiat-uno-sport-interlagos-1-4-evo-f-flex-8v-2013-1536103770,R$ 45.900,"Belo Horizonte, Padre Eustáquio","Hoje, 10:16",138000 quilômetros rodados | Cor Amarelo | Motor 1.4 | Carro tipo Hatch,https://img.olx.com.br/thumbs700x500/19/193658207741445.webp,,,,,,,
Chevrolet Montana LS 1.4 Econoflex 8V 2P 2019,https://mg.olx.com.br/belo-horizonte-e-regiao/autos-e-pecas/carros-vans-e-utilitarios/chevrolet-montana-ls-1-4-econoflex-8v-2p-2019-1537436845,R$ 49.900,"Belo Horizonte, Padre Eustáquio","Hoje, 10:16",140000 quilômetros rodados | Cor Prata | Motor 1.4 | Carro tipo Pick-up,https://img.olx.com.br/thumbs700x500/25/253662804052193.webp,47900.0,48000.0,50900.0,52000.0,54900.0,13.0,
Ram Rampage R/T Hurric. 4 2.0 TB CD 4X4 Aut. 2024,https://mg.olx.com.br/belo-horizonte-e-regiao/autos-e-pecas/carros-vans-e-utilitarios/ram-rampage-r-t-hurric-4-2-0-tb-cd-4x4-aut-2024-1539857301,R$ 188.000,"Belo Horizonte, Lourdes","Hoje, 10:16",27437 quilômetros rodados | Cor Preto | Motor 2.0 - 2.9 | Carro tipo Pick-up,https://img.olx.com.br/thumbs700x500/18/183654924935531.webp,169900.0,184900.0,191900.0,197900.0,210000.0,97.0,
Honda HR-V EXL 1.8 Flexone 16V 5P Aut. 2019,https://mg.olx.com.br/regiao-de-juiz-de-fora/autos-e-pecas/carros-vans-e-utilitarios/honda-hr-v-exl-1-8-flexone-16v-5p-aut-2019-1540803339,R$ 104.899,"Juiz de Fora, Teixeiras","Hoje, 10:15",58884 quilômetros rodados | Cor Preto | Motor 1.8 | Carro tipo SUV,https://img.olx.com.br/thumbs700x500/11/114605575494991.webp,99900.0,102900.0,104500.0,106900.0,111890.0,36.0,
Ford Fiesta SE 1.6 16V Flex 5P 2018,https://mg.olx.com.br/regiao-de-divinopolis/autos-e-pecas/carros-vans-e-utilitarios/ford-fiesta-se-1-6-16v-flex-5p-2018-1522592359,R$ 52.900,"Divinópolis, Bom Pastor","Hoje, 10:15",111826 quilômetros rodados | Cor Prata | Motor 1.6 | Carro tipo Hatch,https://img.olx.com.br/thumbs700x500/36/362653780777254.webp,34900.0,43900.0,50500.0,53500.0,56900.0,32.0,
Volkswagen Polo Track 1.0 Flex 12V 5P 2025,https://mg.olx.com.br/belo-horizonte-e-regiao/autos-e-pecas/carros-vans-e-utilitarios/volkswagen-polo-track-1-0-flex-12v-5p-2025-1540803277,R$ 64.800,"Belo Horizonte, Itapoã","Hoje, 10:15",60951 quilômetros rodados | Cor Branco | Motor 1.0 | Carro tipo Hatch,https://img.olx.com.br/thumbs700x500/22/220692333433389.webp,62500.0,74900.0,77990.0,83090.0,88290.0,677.0,
Hyundai HB20 Ocean 1.6 Flex 16V 5P Mec. 2017,https://mg.olx.com.br/belo-horizonte-e-regiao/autos-e-pecas/carros-vans-e-utilitarios/hyundai-hb20-ocean-1-6-flex-16v-5p-mec-2017-1522891303,R$ 52.900,"Belo Horizonte, Estoril","Hoje, 10:15",161000 quilômetros rodados | Cor Prata | Motor 1.6 | Carro tipo Hatch,https://img.olx.com.br/thumbs700x500/54/542679548828418.webp,,,,,,,
Volkswagen Taos Highline 1.4 250 TSI Flex AUT 2023,https://mg.olx.com.br/belo-horizonte-e-regiao/autos-e-pecas/carros-vans-e-utilitarios/volkswagen-taos-highline-1-4-250-tsi-flex-aut-2023-1531920740,R$ 128.000,"Belo Horizonte, Lourdes","Hoje, 10:15",53600 quilômetros rodados | Cor Prata | Motor 1.4 | Carro tipo SUV,https://img.olx.com.br/thumbs700x500/42/424602324853809.webp,126900.0,134800.0,138900.0,145000.0,149890.0,57.0,
Fiat Toro Freedom 1.3 T270 4X2 Flex AUT 2023,https://mg.olx.com.br/regiao-de-uberlandia-e-uberaba/autos-e-pecas/carros-vans-e-utilitarios/fiat-toro-freedom-1-3-t270-4x2-flex-aut-2023-1529302294,R$ 118.000,"Uberlândia, Brasil","Hoje, 10:15",82000 quilômetros rodados | Cor Cinza | Motor 1.3 | Carro tipo Pick-up,https://img.olx.com.br/thumbs700x500/89/898627797192234.webp,105800.0,112680.0,114900.0,117500.0,125690.0,67.0,
Renault Duster Expression 1.6 Hi-flex 16V Mec. 2015,https://mg.olx.com.br/regiao-de-uberlandia-e-uberaba/autos-e-pecas/carros-vans-e-utilitarios/renault-duster-expression-1-6-hi-flex-16v-mec-2015-1530357212,R$ 52.000,"Uberlândia, Brasil","Hoje, 10:14",118000 quilômetros rodados | Cor Branco | Motor 1.6 | Carro tipo SUV,https://img.olx.com.br/thumbs700x500/60/605683676002187.webp,44000.0,48990.0,53900.0,55900.0,60900.0,10.0,
Kia Motors Cerato 1.6 16V Mec. 2011,https://mg.olx.com.br/belo-horizonte-e-regiao/autos-e-pecas/carros-vans-e-utilitarios/kia-motors-cerato-1-6-16v-mec-2011-1540803197,R$ 45.900,"Belo Horizonte, Padre Eustáquio","Hoje, 10:14",160000 quilômetros rodados | Cor Prata | Motor 1.6 | Carro tipo Sedã,https://img.olx.com.br/thumbs700x500/89/893677335032299.webp,34000.0,36900.0,38500.0,41000.0,44900.0,23.0,
Hyundai I30 1.6 16V Flex 5P Aut. 2011,https://mg.olx.com.br/belo-horizonte-e-regiao/autos-e-pecas/carros-vans-e-utilitarios/hyundai-i30-1-6-16v-flex-5p-aut-2011-1540803215,R$ 53.900,"Belo Horizonte, Buritis","Hoje, 10:14",100000 quilômetros rodados | Cor Preto | Motor 2.0 - 2.9 | Carro tipo Hatch,https://img.olx.com.br/thumbs700x500/90/903671818044284.webp,,,,,,,
Fiat Strada Ultra 1.0 Flex Turbo CD Aut. 2024,https://mg.olx.com.br/belo-horizonte-e-regiao/autos-e-pecas/carros-vans-e-utilitarios/fiat-strada-ultra-1-0-flex-turbo-cd-aut-2024-1540803167,R$ 119.900,"Belo Horizonte, São Francisco","Hoje, 10:14",31981 quilômetros rodados | Motor 1.0 | Carro tipo Pick-up,https://img.olx.com.br/thumbs700x500/23/235665934498208.webp,116000.0,118990.0,119900.0,122900.0,126900.0,36.0,
Toyota Corolla XEI 2.0 Flex 16V Aut. 2024,https://mg.olx.com.br/regiao-de-divinopolis/autos-e-pecas/carros-vans-e-utilitarios/toyota-corolla-xei-2-0-flex-16v-aut-2024-1531543117,R$ 141.900,"Divinópolis, Bom Pastor","Hoje, 10:14",30000 quilômetros rodados | Cor Prata | Motor 2.0 - 2.9 | Carro tipo Sedã,https://img.olx.com.br/thumbs700x500/53/534696322302721.webp,126000.0,138500.0,139990.0,142990.0,151990.0,193.0,
Toyota Yaris XLS Sedan 1.5 Flex 16V 4P Aut. 2019,https://mg.olx.com.br/regiao-de-uberlandia-e-uberaba/autos-e-pecas/carros-vans-e-utilitarios/toyota-yaris-xls-sedan-1-5-flex-16v-4p-aut-2019-1536096776,R$ 78.000,"Uberlândia, Brasil","Hoje, 10:14",113000 quilômetros rodados | Cor Preto | Motor 1.5 | Carro tipo Sedã,https://img.olx.com.br/thumbs700x500/19/195674926775976.webp,64900.0,75900.0,80000.0,83100.0,89900.0,51.0,
Kia Motors Picanto EX 1.1/1.0/ 1.0 Flex Mec. 2013,https://mg.olx.com.br/belo-horizonte-e-regiao/autos-e-pecas/carros-vans-e-utilitarios/kia-motors-picanto-ex-1-1-1-0-1-0-flex-mec-2013-1523878175,R$ 37.900,"Contagem, Central Parque","Hoje, 10:14",136000 quilômetros rodados | Cor Prata | Motor 1.0 | Carro tipo Hatch,https://img.olx.com.br/thumbs700x500/53/537676318984484.webp,32000.0,32900.0,36900.0,38900.0,39900.0,11.0,
